Name,Year,Week,Volume,Low,High,Open,Close,Adjusted Close
A,2021,46,6393400.0,159.48599853515626,163.0280029296875,161.1519989013672,161.43399963378906,161.2216583251953
A,2020,23,1.06151E7,89.44400024414062,91.30599975585938,90.12799987792968,90.44199981689454,89.4586410522461
A,2022,28,6195900.0,117.12799987792968,120.63600006103516,119.26600036621093,119.14400024414063,119.14400024414063
A,2020,21,1.45629E7,82.06199951171875,84.15400085449218,83.23400115966797,82.61400146484375,81.71575469970703
A,2020,3,1.025E7,87.81199951171875,89.08199920654297,88.35999908447266,88.73000030517578,87.54246215820312
A,2022,21,1.2216E7,122.39000091552734,126.98400115966797,124.92999877929688,125.03400115966797,125.03400115966797
A,2021,15,1.0876E7,131.68600158691407,133.45199890136718,132.43800354003906,132.81400146484376,132.30044860839843
A,2021,34,7171000.0,170.50200500488282,172.9780029296875,171.42999877929688,172.25400085449218,171.81348876953126
A,2020,43,4199600.0,105.1,107.14400024414063,106.22799987792969,105.7739990234375,105.03266754150391
