Name,Year,Week,Volume,Low,High,Open,Close,Adjusted Close
A,2022,48,7764200.0,151.86600036621093,155.68999938964845,153.96600036621095,154.0019989013672,154.0019989013672
A,2022,32,5202100.0,130.66599731445314,133.69000244140625,132.647998046875,131.89600219726563,131.89600219726563
A,2020,29,9588600.0,90.51000061035157,92.56199951171875,91.38600158691406,92.01200103759766,91.20267944335937
A,2022,1,1.05677E7,148.5659973144531,153.57200317382814,152.6580017089844,150.10799865722657,150.10799865722657
A,2022,25,9755500.0,114.74999809265137,117.6875,115.40500068664551,116.89249992370605,116.89249992370605
A,2022,29,6553700.0,119.3020004272461,123.16399688720703,121.08000030517579,121.25200042724609,121.25200042724609
