Name,Year,Week,Volume,Low,High,Open,Close,Adjusted Close
AAALY,2020,8,0.0,37.310001373291016,37.310001373291016,37.310001373291016,37.310001373291016,35.259361267089844
AAALY,2020,34,0.0,19.299999237060547,19.299999237060547,19.299999237060547,19.299999237060547,18.239229202270508
AAALY,2021,37,0.0,27.780000686645508,27.780000686645508,27.780000686645508,27.780000686645508,26.722026824951172
AAALY,2022,23,0.0,35.29999923706055,35.29999923706055,35.29999923706055,35.29999923706055,35.29999923706055
AAALY,2020,18,0.0,15.979999542236328,15.979999542236328,15.979999542236328,15.979999542236328,15.101703643798828
AAALY,2021,13,0.0,26.239999771118164,26.239999771118164,26.239999771118164,26.239999771118164,24.79779052734375
